x,sum,gauss
-140.0,3.249530457221805e-10,1.5962641014167963e-06
-139.839998399984,3.6380562224933025e-10,1.6882086190052887e-06
-139.679996799968,4.071483391932795e-10,1.785165199946495e-06
-139.519995199952,4.5548078627652455e-10,1.8873899734810462e-06
-139.359993599936,5.09355828352294e-10,1.995151172017473e-06
-139.19999199992,5.69385022376238e-10,2.1087296487129305e-06
-139.03999039990399,6.362445564702204e-10,2.228419414328872e-06
-138.879988799888,7.106817584575929e-10,2.35452819393469e-06
-138.719987199872,7.935222252691324e-10,2.487378004043778e-06
-138.559985599856,8.856776289534737e-10,2.6273057507749637e-06
-138.39998399984,9.881542597010806e-10,2.7746638496425955e-06
-138.239982399824,1.1020623713292414e-09,2.92982086758801e-06
-138.079980799808,1.228626400103596e-09,3.093162187873218e-06
-137.919979199792,1.3691961336185263e-09,3.26509069846777e-06
-137.759977599776,1.525258912751679e-09,3.446027504566932e-06
-137.59997599976,1.6984529564806623e-09,3.6364126658879295e-06
-137.439974399744,1.890581906635637e-09,3.836705959399139e-06
-137.279972799728,2.103630697493644e-09,4.04738766814288e-06
-137.11997119971198,2.3397828635424224e-09,4.26895939682128e-06
-136.959969599696,2.6014394077857646e-09,4.50194491481872e-06
-136.79996799968,2.891239362681664e-09,4.7468910273422724e-06
-136.639966399664,3.212082186233792e-09,5.004368475364691e-06
-136.479964799648,3.567152146953999e-09,5.274972865060574e-06
-136.31996319963199,3.9599448634247635e-09,5.559325627429647e-06
-136.159961599616,4.394296177067865e-09,5.858075008803668e-06
-135.9999599996,4.874413550536819e-09,6.171897092937599e-06
-135.839958399584,5.404910198941252e-09,6.501496855385064e-06
-135.679956799568,5.990842176961513e-09,6.847609250860977e-06
-135.519955199552,6.63774866187874e-09,7.211000334293681e-06
-135.359953599536,7.351695690702434e-09,7.592468416266227e-06
-135.19995199951998,8.139323629008167e-09,7.99284525354835e-06
-135.039950399504,9.007898669866336e-09,8.412997275412847e-06
-134.879948799488,9.96536868345198e-09,8.853826846430938e-06
-134.719947199472,1.10204237616423e-08,9.316273566432459e-06
-134.559945599456,1.2182561827241996e-08,9.801315608311783e-06
-134.39994399943998,1.3462159704517536e-08,1.0309971094354412e-05
-134.239942399424,1.4870550076555104e-08,1.0843299511746447e-05
-134.079940799408,1.642010478572567e-08,1.1402403167924396e-05
-133.919939199392,1.8124324966300376e-08,1.1988428686406203e-05
-133.759937599376,1.9997938533175842e-08,1.2602568543734426e-05
-133.59993599935999,2.2057005587824125e-08,1.3246062648148818e-05
-133.439934399344,2.4319032342100356e-08,1.3920199960585434e-05
-133.27993279932798,2.680309420257522e-08,1.4626320158588128e-05
-133.119931199312,2.9529968702685216e-08,1.53658153436921e-05
-132.959929599296,3.2522279017404977e-08,1.6140131792825285e-05
-132.79992799928,3.5804648845409445e-08,1.6950771754244585e-05
-132.639926399264,3.9403869496996e-08,1.7799295288502844e-05
-132.47992479924798,4.3349080082500796e-08,1.8687322154917257e-05
-132.319923199232,4.7671961755655194e-08,1.9616533743975707e-05
-132.159921599216,5.240694702953708e-08,2.0588675056095966e-05
-131.9999199992,5.759144524945626e-08,2.1605556727111268e-05
-131.839918399184,6.326608537755997e-08,2.2669057100827616e-05
-131.67991679916798,6.94749773181753e-08,2.3781124348960668e-05
-131.519915199152,7.626599309105463e-08,2.4943778638716124e-05
-131.35991359913598,8.36910692419601e-08,2.6159114348245396e-05
-131.19991199912,9.180653196635674e-08,2.742930233015437e-05
-131.039910399104,1.0067344651267725e-07,2.8756592223207967e-05
-130.87990879908799,1.1035799252654675e-07,3.0143314812315342e-05
-130.719907199072,1.209318670967488e-07,3.1591884436835736e-05
-130.55990559905598,1.3247271736756445e-07,3.3104801447192947e-05
-130.39990399904,1.4506460469032754e-07,3.468465470972168e-05
-130.239902399024,1.5879850239992884e-07,3.633412415962479e-05
-130.079900799008,1.7377282941910117e-07,3.805598340184425e-05
-129.919899198992,1.9009402201501242e-07,3.985310235959606e-05
-129.75989759897598,2.078771461586278e-07,4.172844997025137e-05
-129.59989599896,2.2724655306728643e-07,4.368509692816732e-05
-129.43989439894398,2.483365806452193e-07,4.5726218474016936e-05
-129.279892798928,2.7129230367440406e-07,4.785509723007128e-05
-129.119891198912,2.962703357497903e-07,5.007512608083171e-05
-128.95988959889598,3.234396860972844e-07,5.2389811098310114e-05
-128.79988799888,3.5298267456044135e-07,5.480277451118367e-05
-128.63988639886398,3.8509590819153364e-07,5.731775771696585e-05
-128.479884798848,4.199913230340859e-07,5.993862433623161e-05
-128.31988319883197,4.578972948370474e-07,6.266936330786671e-05
-128.15988159881599,4.990598225937845e-07,6.551409202418861e-05
-127.99987999879998,5.437437889526094e-07,6.847705950471866e-05
-127.83987839878398,5.922343016972772e-07,7.156264960725537e-05
-127.67987679876799,6.448381206463341e-07,7.47753842748191e-05
-127.51987519875199,7.018851744670861e-07,7.811992681692124e-05
-127.35987359873599,7.637301720429119e-07,8.160108522349931e-05
-127.19987199871998,8.3075431317035e-07,8.52238155097585e-05
-127.03987039870398,9.033671034930898e-07,8.899322509003601e-05
-126.879868798688,9.820082787028769e-07,9.291457617869319e-05
-126.71986719867199,1.067149843150483e-06,9.699328921591912e-05
-126.55986559865599,1.1592982281117772e-06,0.00010123494631620433
-126.39986399863999,1.258996575043258e-06,0.00010564529473712771
-126.23986239862398,1.3668271492358194e-06,0.00011023025036595966
-126.07986079860798,1.4834138893340164e-06,0.00011499590122146813
-125.91985919859198,1.6094250982284499e-06,0.00011994851096817287
-125.75985759857599,1.745576280849665e-06,0.00012509452244016274
-125.59985599855999,1.8926331343917074e-06,0.0001304405611714617
-125.43985439854399,2.0514146964702624e-06,0.00013599343892977428
-125.27985279852798,2.22279665667434e-06,0.00014176015725032406
-125.11985119851198,2.407714836899258e-06,0.00014774791096633838
-124.95984959849598,2.6071688457539717e-06,0.00015396409173260042
-124.79984799847999,2.8222259122171422e-06,0.00016041629153834108
-124.63984639846399,3.054024903576142e-06,0.00016711230620560104
-124.47984479844798,3.303780532523988e-06,0.00017406013886903907
-124.31984319843198,3.5727877581175883e-06,0.0001812680034330261
-124.15984159841598,3.862426385121769e-06,0.00018874432800170899
-123.99983999839998,4.174165866090252e-06,0.00019649775827757727
-123.83983839838399,4.5095703103799765e-06,0.00020453716092392127
-123.67983679836799,4.870303704179195e-06,0.00021287162688642396
-123.51983519835198,5.2581353455770195e-06,0.0002215104746689624
-123.35983359833598,5.674945498748355e-06,0.00023046325355857085
-123.19983199831998,6.12273127151286e-06,0.00023973974679434228
-123.03983039830399,6.6036127209075155e-06,0.00024934997467492204
-122.87982879828797,7.119839192057002e-06,0.000259304197599077
-122.71982719827199,7.67379589661903e-06,0.0002696129190336853
-122.55982559825598,8.268010738535501e-06,0.0002802868884033755
-122.39982399823998,8.905161396855153e-06,0.0002913371038958308
-122.23982239822398,9.588082678183497e-06,0.00030277481517672437
-122.07982079820798,1.0319774155040224e-05,0.0003146115260080326
-121.91981919819199,1.1103408111304496e-05,0.00032685899676338664
-121.75981759817599,1.1942337822273768e-05,0.00033952924683397566
-121.59981599815998,1.2840106204974759e-05,0.0003526345569183663
-121.43981439814398,1.3800454884625923e-05,0.00036618747118951646
-121.27981279812798,1.4827333735982201e-05,0.0003802007993320975
-121.11981119811198,1.5924910974194556e-05,0.00039468761844314783
-120.95980959809597,1.7097583889332526e-05,0.00040966127478895707
-120.79980799807998,1.8349990342458038e-05,0.00042513538541096024
-120.63980639806398,1.9687021169762134e-05,0.00044112383957335926
-120.47980479804798,2.1113833675479835e-05,0.00045764080004500544
-120.31980319803198,2.2635866434817386e-05,0.00047470070420810556
-120.15980159801597,2.425885567567456e-05,0.0004923182649861
-119.99979999799999,2.598885356323548e-05,0.0005105084715830848
-119.83979839798398,2.7832248775154072e-05,0.0005292865900270112
-119.67979679796798,2.9795789827580636e-05,0.000548668163508854
-119.51979519795198,3.188661169399214e-05,0.0005686690125098967
-119.35979359793598,3.411226634974124e-05,0.000589305234709198
-119.19979199791997,3.6480757975143395e-05,0.0006105932046632963
-119.03979039790397,3.900058365801759e-05,0.0006325495732501501
-118.87978879788798,4.1680780551561714e-05,0.0006551912668692994
-118.71978719787198,4.4530980563266274e-05,0.0006785354863902442
-118.55978559785598,4.756147377240575e-05,0.0007025997058409509
-118.39978399783998,5.0783281893727604e-05,0.0007274016708285336
-118.23978239782397,5.4208243218398783e-05,0.0007529593966840384
-118.07978079780798,5.784911056405063e-05,0.0007792911663233877
-117.91977919779198,6.171966384656315e-05,0.0008064155278165253
-117.75977759777598,6.58348389384069e-05,0.0008343512916568619
-117.59977599775998,7.02108744919953e-05,0.000863117527723218
-117.43977439774397,7.486547837032772e-05,0.000892733561926486
-117.27977279772797,7.981801522892789e-05,0.0009232189725333577
-117.11977119771197,8.508971661943e-05,0.0009545935861595471
-116.95976959769598,9.070391472233781e-05,0.000986877473425048
-116.79976799767998,9.668630045054652e-05,0.0010200909442641371
-116.63976639766398,0.00010306520618267192,0.001054254542882877
-116.47976479764797,0.00010987191277377214,0.0010893890423571615
-116.31976319763197,0.00011714097974023854,0.0011255154388643866
-116.15976159761598,0.00012491059661805723,0.0011626549455421226
-115.99975999759997,0.00013322295244571147,0.0012008289859672815
-115.83975839758398,0.00014212461912618463,0.0012400591872494954
-115.67975679756798,0.00015166694308454872,0.0012803673727327864
-115.51975519755197,0.0001619064381732076,0.0013217755542995664
-115.35975359753597,0.0001729051712094744,0.001364305924271611
-115.19975199751997,0.0001847311298919412,0.0014079808469026527
-115.03975039750398,0.00019745856117554163,0.001452822849457661
-114.87974879748798,0.00021116826654281378,0.0014988546128741978
-114.71974719747197,0.00022594783905358038,0.0015460989620014358
-114.55974559745597,0.00024189182566008164,0.0015945788554129468
-114.39974399743997,0.0002591017971214522,0.0016443173747895561
-114.23974239742398,0.00027768630703029634,0.00169533771386904
-114.07974079740796,0.00029776072107066335,0.0017476631669597936
-113.91973919739198,0.00031944689776012777,0.001801317117015914
-113.75973759737597,0.0003428727026889315,0.0018563230232718417
-113.59973599735997,0.0003681713397527903,0.0019127044084346707
-113.43973439734397,0.00039548048517400744,0.001970484845433211
-113.27973279732797,0.0004249412132971765,0.002029687943722943
-113.11973119731198,0.00045669670729633335,0.0020903373351466898
-112.95972959729598,0.0004908907530852963,0.002152456659351315
-112.79972799727997,0.0005276660209037095,0.0022160695487611335
-112.63972639726397,0.0005671621462511479,0.0022811996131094545
-112.47972479724797,0.0006095136300194155,0.002347870423530009
-112.31972319723197,0.0006548475867493484,0.00241610549621072
-112.15972159721596,0.0007032813797877558,0.002485928275612736
-111.99971999719997,0.0007549201925657693,0.002557362117258264
-111.83971839718397,0.0008098545960250475,0.0026304302700914193
-111.67971679716797,0.0008681581830775275,0.0027051558584166233
-111.51971519715197,0.0009298853515143105,0.0027815618634201415
-111.35971359713596,0.0009950693265071027,0.00285967110428054
-111.19971199711998,0.0010637205222021142,0.0029395062188747306
-111.03971039710397,0.0011358253482167094,0.0030210896440868865
-110.87970879708797,0.0012113455703326955,0.0031044435957280144
-110.71970719707197,0.0012902183344567068,0.003189590048074875
-110.55970559705597,0.0013723569580244655,0.003276550713037365
-110.39970399703996,0.0014576525824534067,0.003365347018964337
-110.23970239702396,0.0015459767629953651,0.0034560000890983883
-110.07970079700797,0.001637185047494124,0.0035485307196908827
-109.91969919699197,0.001731121562389506,0.003642959357789252
-109.75969759697597,0.0018276245824298705,0.0037393060787090145
-109.59969599695997,0.001926533010030899,0.003837590563204123
-109.43969439694396,0.0020276936317558426,0.003937832074349466
-109.27969279692797,0.0021309689544929183,0.00404004943415034
-109.11969119691197,0.00223624535500308,0.004144260999894376
-108.95968959689597,0.0023434412070675254,0.004250484640261897
-108.79968799687997,0.00245251458499075,0.0043587377112116995
-108.63968639686397,0.002563470086194224,0.004469037031659641
-108.47968479684796,0.0026763642753255905,0.004581398858968281
-108.31968319683196,0.0027913092343981524,0.004695838864266438
-108.15968159681597,0.0029084737146046914,0.004812372107618158
-107.99967999679997,0.0030280814315887137,0.004931013013061398
-107.83967839678397,0.003150406131684237,0.005051775343537128
-107.67967679676796,0.003275763184369902,0.005174672175730488
-107.51967519675196,0.003404497625424506,0.005299715874846061
-107.35967359673597,0.0035369687819639772,0.005426918069340016
-107.19967199671996,0.0036735318466332213,0.005556289625632506
-107.03967039670397,0.0038145170215442745,0.0056878406228240835
-106.87966879668797,0.003960207107049749,0.0058215803274410585
-106.71966719667196,0.004110814646896257,0.0059575171682342875
-106.55966559665598,0.004266459938487711,0.006095658711057487
-106.39966399663996,0.004427151353232965,0.006236011633850987
-106.23966239662397,0.004592769467075534,0.006378581701757341
-106.07966079660797,0.004763056458704949,0.006523373742396392
-105.91965919659197,0.004937612081704002,0.006670391621326656
-105.75965759657596,0.005115897253611339,0.006819638217721512
-105.59965599655996,0.005297245935110945,0.0069711154002882435
-105.43965439654397,0.005480885511475945,0.007124824003458721
-105.27965279652796,0.005665965360652333,0.007280763803880858
-105.11965119651197,0.005851592731019191,0.007438933497239861
-104.95964959649596,0.006036874496308713,0.007599330675439541
-104.79964799647996,0.006220962848281149,0.0077619518041727705
-104.63964639646396,0.006403102572375372,0.007926792200911864
-104.47964479644796,0.006582677266681826,0.008093846013348751
-104.31964319643197,0.006759251741581311,0.008263106198315499
-104.15964159641595,0.0069326078966662425,0.008434564501215748
-103.99963999639996,0.007102771620037035,0.008608211435997395
-103.83963839638396,0.007270028684794502,0.008784036265697707
-103.67963679636796,0.007434928205625366,0.008962026983590731
-103.51963519635197,0.007598272928306853,0.009142170294968254
-103.35963359633595,0.007761096409352396,0.009324451599584498
-103.19963199631997,0.007924627947591105,0.009508854974794713
-103.03963039630396,0.008090246898090602,0.009695363159418512
-102.87962879628796,0.008259428679761602,0.00988395753835713
-102.71962719627196,0.008433685341704068,0.01007461812799498
-102.55962559625596,0.008614503963005232,0.010267323562414611
-102.39962399623997,0.008803286446871183,0.010462051080454303
-102.23962239622395,0.009001294511278518,0.010658776513637036
-102.07962079620796,0.00920960403635075,0.010857474274998814
-101.91961919619196,0.009429073667469902,0.011058117348844869
-101.75961759617596,0.009660334047095605,0.01126067728146013
-101.59961599615997,0.00990380660825967,0.011465124172801445
-101.43961439614395,0.010159764611364244,0.011671426669197427
-101.27961279612796,0.010428453445192274,0.011879551957081081
-101.11961119611196,0.010710290214795115,0.012089465757780806
-100.95960959609596,0.011006160468052056,0.012301132323392862
-100.79960799607996,0.01131781682130161,0.012514514433759285
-100.63960639606395,0.011648353891779404,0.012729573394573373
-100.47960479604797,0.012002682692869368,0.012946269036634355
-100.31960319603195,0.012387859703833526,0.013164559716271966
-100.15960159601596,0.012813058537931285,0.013384402316960328
-99.99959999599996,0.013288937923076153,0.013605752252140493
-99.83959839598396,0.013826200257434394,0.013828563469268402
-99.67959679596797,0.0144332850845671,0.014052788455105613
-99.51959519595195,0.015113405406107311,0.01427837824226794
-99.35959359593596,0.015861463116698036,0.01450528241704599
-99.19959199591996,0.01666166684167126,0.014733449128511577
-99.03959039590396,0.017486782337625396,0.014962825098920808
-98.87958879588795,0.018299755935830764,0.015193355635425261
-98.71958719587195,0.019057937448757306,0.015424984643100239
-98.55958559585596,0.019719395565677644,0.01565765463929806
-98.39958399583995,0.02025009359234564,0.015891306769333202
-98.23958239582396,0.020630251241653776,0.01612588082350405
-98.07958079580796,0.02085826569630873,0.016361315255455904
-97.91957919579195,0.020951138480192255,0.016597547201886553
-97.75957759577597,0.020941285235533957,0.016834512503596154
-97.59957599575995,0.020870578716120542,0.017072145727880468
-97.43957439574396,0.020783158848871042,0.01731038019226503
-97.27957279572796,0.02071872442963701,0.01754914798957743
-97.11957119571196,0.02070768460930401,0.01778838001435151
-96.95956959569595,0.020768867342739104,0.0180280059905574
-96.79956799567995,0.02090972572297727,0.01826795450064876
-96.63956639566396,0.021128399920638898,0.018508153015917333
-96.47956479564795,0.02141672085479742,0.018748527928143317
-96.31956319563196,0.02176328401122876,0.018989004582528092
-96.15956159561595,0.022155977384978705,0.0192295073118953
-95.99955999559995,0.022583677271274614,0.01946995947214283
-95.83955839558396,0.02303711245384538,0.019710283478928673
-95.67955679556795,0.023509079916301853,0.019950400845570603
-95.51955519555196,0.023994271812693885,0.020190232222138282
-95.35955359553596,0.02448898677237988,0.02042969743571573
-95.19955199551995,0.024991014396553695,0.020668715531808747
-95.03955039550395,0.025500062239292735,0.020907204816872204
-94.87954879548795,0.026019249567197367,0.021145082901929187
-94.71954719547196,0.026558290754297914,0.021382266747252986
-94.55954559545594,0.027138677575420756,0.02161867270808156
-94.39954399543996,0.02779997652571153,0.02185421658133178
-94.23954239542395,0.028604312417874592,0.022088813653280776
-94.07954079540795,0.02963478748805057,0.02232237874817827
-93.91953919539195,0.030986297388599975,0.022554826277754278
-93.75953759537595,0.03275556137629753,0.022786070291583846
-93.59953599535996,0.0350434042180853,0.023016024528269678
-93.43953439534394,0.03796713501890687,0.023244602467402224
-93.27953279532795,0.04163656557673987,0.023471717382254953
-93.11953119531195,0.04602042621869794,0.023697282393172512
-92.95952959529595,0.05071060110743644,0.02392121052160642
-92.79952799527996,0.05477964367149922,0.024143414744753688
-92.63952639526394,0.057012257086372614,0.024363808050751463
-92.47952479524795,0.056537298045762185,0.024582303494379697
-92.31952319523195,0.053438125640749554,0.02479881425322402
-92.15952159521595,0.048798858842555,0.025013253684248192
-91.99951999519995,0.044100780181177995,0.025225535380726395
-91.83951839518394,0.04045733038378523,0.025435573229483505
-91.67951679516796,0.03824858092746988,0.02564328146839139
-91.51951519515194,0.03730593195351306,0.0258485747440683
-91.35951359513595,0.03743581195328928,0.026051368169727453
-91.19951199511995,0.03890769200350405,0.026251577383121342
-91.03951039510395,0.04217663520171442,0.02644911860452608
-90.87950879508796,0.04638877847702513,0.026643908694711362
-90.71950719507194,0.04871149342692353,0.026835865212840072
-90.55950559505595,0.04704156563089517,0.027024906474241335
-90.39950399503995,0.04278454541643004,0.027210951608001455
-90.23950239502395,0.038971190859199034,0.027393920614315427
-90.07950079500795,0.03692379156870908,0.027573734421543067
-89.91949919499194,0.036140827227185375,0.027750314942912885
-89.75949759497595,0.035862912225968116,0.027923585132816946
-89.59949599495994,0.03573077834506092,0.028093469042640453
-89.43949439494395,0.035646353314493555,0.028259891876069112
-89.27949279492795,0.035588883559328835,0.028422780043818884
-89.11949119491194,0.03555189658818762,0.028582061217731335
-88.95948959489596,0.03553193649646584,0.028737664384179778
-88.79948799487994,0.035527308134899085,0.028889519896730827
-88.63948639486395,0.03553759266411876,0.029037559528006664
-88.47948479484795,0.03556300572152685,0.029181716520694553
-88.31948319483195,0.035603714747448396,0.029321925637649685
-88.15948159481594,0.0356592325085037,0.029458123211039255
-87.99947999479994,0.03572793978332199,0.029590247190475812
-87.83947839478395,0.03580675317123014,0.02971823719008899
-87.67947679476794,0.03589094077202046,0.029842034534485792
-87.51947519475195,0.035974086903927914,0.029961582303550238
-87.35947359473595,0.03604820729738888,0.030076825376034982
-87.19947199471994,0.03610401314974966,0.03018771047189764
-87.03947039470395,0.03613131477035146,0.030294186193336747
-86.87946879468794,0.03611954438265608,0.030396203064482992
-86.71946719467195,0.036058365162627004,0.030493713569702655
-86.55946559465595,0.03593832222185152,0.03058667219047214
-86.39946399463994,0.03575148320744391,0.03067503544078311
-86.23946239462394,0.03549201317886876,0.03075876190104
-86.07946079460794,0.035156631385993314,0.030837812250412776
-85.91945919459195,0.03474490659532596,0.030912149297609617
-85.75945759457593,0.03425936188088251,0.030981738010035807
-85.59945599455995,0.03370537770911668,0.031046545541306744
-85.43945439454394,0.0330909015370177,0.031106541257085032
-85.27945279452794,0.032425990602464816,0.031161696759212938
-85.11945119451195,0.03172222983706517,0.031211985908113835
-84.95944959449594,0.03099207706735778,0.03125738484343774
-84.79944799447995,0.0302481918190276,0.03129787200292818
-84.63944639446393,0.029502801899646252,0.03133342813948953
-84.47944479444794,0.0287671541658903,0.03136403633643582
-84.31944319443194,0.028051083846893102,0.03138968202090421
-84.15944159441594,0.027362722316667854,0.03141035297541815
-83.99943999439995,0.026708348254424794,0.031426039347587455
-83.83943839438393,0.026092373519355193,0.03143673365793443
-83.67943679436794,0.025517444216891824,0.031442430805837425
-83.51943519435194,0.02498463021776516,0.03144312807358517
-83.35943359433594,0.024493673083353387,0.031438825128537407
-83.19943199431994,0.024043262679315724,0.03142952402338929
-83.03943039430393,0.02363131603465677,0.031415229194539485
-82.87942879428795,0.023255237287235116,0.03139594745856359
-82.71942719427193,0.022912143840091943,0.031371688006796856
-82.55942559425594,0.022599050209289772,0.03134246239803232
-82.39942399423994,0.02231300673978966,0.0313082845493423
-82.23942239422394,0.022051194919096403,0.031269170725033636
-82.07942079420795,0.02181098420598913,0.03122513952374884
-81.91941919419193,0.02158995711779451,0.03117621186372747
-81.75941759417594,0.02138590995812291,0.0311224109662442
-81.59941599415994,0.021196836293541833,0.031063762337241698
-81.43941439414394,0.02102089941535622,0.031000293747179004
-81.27941279412794,0.020856398849195452,0.030932035209117328
-81.11941119411193,0.020701734746887218,0.030859018955067728
-80.95940959409594,0.020555372888645028,0.030781279410626684
-80.79940799407993,0.020415812141968626,0.030698853167927424
-80.63940639406394,0.020281555603940193,0.03061177895693699
-80.47940479404794,0.020151086281067338,0.030520097615130196
-80.31940319403193,0.020022847985788114,0.030423852055574113
-80.15940159401595,0.019895232083040632,0.030323087233457707
-79.99939999399993,0.0197665707314412,0.030217850111103235
-79.83939839398394,0.019635137265744014,0.030108189621497725
-79.67939679396794,0.01949915430854459,0.029994156630383725
-79.51939519395194,0.019356810046071787,0.02987580389695097
-79.35939359393593,0.01920628284156641,0.029753186033171036
-79.19939199391993,0.019045773995424346,0.029626359461819074
-79.03939039390394,0.01887354801593242,0.029495382373227713
-78.87938879388793,0.018687979273073328,0.029360314680819448
-78.71938719387194,0.018487603414125822,0.029221217975465303
-78.55938559385594,0.018271171470809037,0.029078155478717893
-78.39938399383993,0.018037704229108675,0.028931191994969224
-78.23938239382394,0.017786544203776095,0.028780393862583274
-78.07938079380793,0.01751740248820841,0.02862582890405517
-77.91937919379194,0.017230397851507834,0.02846756637524943
-77.75937759377594,0.016926085726852075,0.02830567691376986
-77.59937599375993,0.01660547516197749,0.0281402324865156
-77.43937439374393,0.016270032352438606,0.02797130633647711
-77.27937279372793,0.0159216700091465,0.027798972928827374
-77.11937119371194,0.015562722474612073,0.027623307896363573
-76.95936959369593,0.015195907146997274,0.02744438798435505
-76.79936799367994,0.014824273351154028,0.027262290994853854
-76.63936639366393,0.014451140273883936,0.027077095730523776
-76.47936479364793,0.014080025932060756,0.026888881938044975
-76.31936319363194,0.013714569357396867,0.026697730251150405
-76.15936159361593,0.013358448266163447,0.026503722133350793
-75.99935999359994,0.01301529445521082,0.02630693982040509
-75.83935839358394,0.012688609056159511,0.02610746626259224
-75.67935679356793,0.01238167962155655,0.025905385066841424
-75.51935519355193,0.012097500843441722,0.02570078043877607
-75.35935359353593,0.011838700543774148,0.025493737124727852
-75.19935199351993,0.011607472445533696,0.025284340353775824
-75.03935039350394,0.011405517139586357,0.025072675779865612
-74.87934879348794,0.011233992601310624,0.024858829424062916
-74.71934719347193,0.011093475570566814,0.024642887616995367
-74.55934559345593,0.010983935074314452,0.02442493694153548
-74.39934399343993,0.010904719331872592,0.024205064175777335
-74.23934239342393,0.010854557235872678,0.02398335623635856
-74.07934079340794,0.010831575555954608,0.02375990012217832
-73.91933919339193,0.010833332985177033,0.023534782858561237
-73.75933759337593,0.010856872160825171,0.02330809144191634
-73.59933599335993,0.010898790850087917,0.023079912784938657
-73.43933439334393,0.01095533357539397,0.022850333662400617
-73.27933279332792,0.01102250499286689,0.022619440657578965
-73.11933119331194,0.01109620619359026,0.022387320109361803
-72.95932959329593,0.011172394563808712,0.022154058060079116
-72.79932799327993,0.01124726665316041,0.021919740204099366
-72.63932639326393,0.011317461380299406,0.02168445183723251
-72.47932479324793,0.011380277628950117,0.021448277806979544
-72.31932319323192,0.011433895784114622,0.021211302463666603
-72.15932159321594,0.011477587223132676,0.020973609612500527
-71.99931999319993,0.011511889772659134,0.020735282466581323
-71.83931839318393,0.011538721658275438,0.020496403600905745
-71.67931679316793,0.011561402893443245,0.020257054907394115
-71.51931519315193,0.011584553014066894,0.020017317550971796
-71.35931359313592,0.011613839167407802,0.019777271926734653
-71.19931199311993,0.011655559981002638,0.019536997618226512
-71.03931039310393,0.011716068650473116,0.019296573356854908
-70.87930879308793,0.011801062274072686,0.0190560769824703
-70.71930719307193,0.011914791066209567,0.018815585405131553
-70.55930559305592,0.012059266669319842,0.018575174568079604
-70.39930399303992,0.012233568305694708,0.018334919411939387
-70.23930239302393,0.012433353754571424,0.018094893840168325
-70.07930079300793,0.012650674855152018,0.01785517068576818
-69.91929919299193,0.01287417232556115,0.017615821679275792
-69.75929759297593,0.013089683155703326,0.017376917418045857
-69.59929599295992,0.013281240196449802,0.017138527336838013
-69.43929439294392,0.013432385516677336,0.01690071967971864
-69.27929279292792,0.013527666347557896,0.01666356147328601
-69.11929119291193,0.013554144944120263,0.01642711850122615
-68.95928959289593,0.013502739646395276,0.016191455280204894
-68.79928799287993,0.013369228417867963,0.01595663503710052
-68.63928639286392,0.013154788144476301,0.015722719687579115
-68.47928479284792,0.012866008319080201,0.015489769816013986
-68.31928319283192,0.01251439811164641,0.015257844656748598
-68.15928159281593,0.012115490842911717,0.015027002076700975
-67.99927999279993,0.011687728213381958,0.01479729855930625
-67.83927839278392,0.011251365801974677,0.014568789189792644
-67.67927679276792,0.010827665751064884,0.014341527641784355
-67.51927519275192,0.010438611282914073,0.014115566165224032
-67.35927359273592,0.01010726588510687,0.013890955575605754
-67.19927199271993,0.009858689240712757,0.013667745244508313
-67.03927039270393,0.009721022641450179,0.013445983091417178
-66.87926879268792,0.009726036229623154,0.013225715576822636
-66.71926719267192,0.009908228335948694,0.013006987696579765
-66.55926559265592,0.010301667156891283,0.012789842977515417
-66.39926399263992,0.01093430764542379,0.012574323474265759
-66.23926239262393,0.011820472772647455,0.01236046976732712
-66.07926079260793,0.01295326835334134,0.012148320962301618
-65.91925919259192,0.014299396238246142,0.011937914690318362
-65.75925759257592,0.015798640268954858,0.011729287109609543
-65.59925599255992,0.01736905557652603,0.011522472908220347
-65.43925439254392,0.018916984037779482,0.01131750530783039
-65.27925279252793,0.020349298262191895,0.01111441606866363
-65.11925119251192,0.021584613647684964,0.010913235495462924
-64.95924959249592,0.02256094742831125,0.010713992444504772
-64.79924799247992,0.023239007993389862,0.0105167143316287
-64.63924639246392,0.023602010336190016,0.010321427141255555
-64.47924479244791,0.023653779935572685,0.010128155436368018
-64.31924319243193,0.023416696452687815,0.009936922369426249
-64.15924159241592,0.02293016503628573,0.00974774969419084
-63.99923999239992,0.022249437210759986,0.009560657778425232
-63.83923839238392,0.02144412414894287,0.009375665617448554
-63.67923679236792,0.02059563772098533,0.00919279084851027
-63.519235192351914,0.01979287733251548,0.00901204976595704
-63.359233592335926,0.019125700435885178,0.00883345733716228
-63.19923199231992,0.018676184685969415,0.008657027219188356
-63.03923039230392,0.018508466013020898,0.008482771776151506
-62.87922879228792,0.018658812535437424,0.008310702097258824
-62.719227192271916,0.01912814929270359,0.008140828015487182
-62.55922559225591,0.019879120681678488,0.00797315812687329
-62.399223992239925,0.020838909909531647,0.007807699810384444
-62.23922239222392,0.021907709612028856,0.007644459248339146
-62.07922079220792,0.02297140367748217,0.007483441447347296
-61.91921919219192,0.02391607799643189,0.007324650259739006
-61.759217592175915,0.02464165664801463,0.007168088405451947
-61.59921599215991,0.02507230044701153,0.007013757494346691
-61.439214392143924,0.02516208685230818,0.006861658048919995
-61.27921279212792,0.024895665614167683,0.006711789527386051
-61.11921119211192,0.024284723623192922,0.006564150347096073
-60.95920959209592,0.023361871577254622,0.006418737908266637
-60.799207992079914,0.022173780405281496,0.0062755486179878
-60.63920639206391,0.020775047104342532,0.006134577914482078
-60.47920479204792,0.019223561622850986,0.005995820291585902
-60.31920319203192,0.017577392181253225,0.005859269323425444
-60.15920159201592,0.01589268921947603,0.0057249176892592854
-59.999199991999916,0.014221967498378046,0.005592757198460533
-59.83919839198391,0.012612322804496394,0.005462778815611827
-59.67919679196791,0.011103506252387992,0.005334972685686871
-59.51919519195191,0.009726114737659256,0.0052093281592927995
-59.35919359193592,0.008500317824574095,0.005085833817948159
-59.19919199191992,0.0074354898083363085,0.004964477499371775
-59.039190391903915,0.006530906404994287,0.004845246322758548
-58.87918879188791,0.0057774038209847025,0.004728126714018501
-58.71918719187191,0.005159685751128551,0.0046131044309562505
-58.55918559185591,0.004658862366902042,0.004500164588368606
-58.39918399183992,0.004254823911892296,0.004389291683038593
-58.23918239182392,0.00392815875513867,0.004280469618604842
-58.079180791807914,0.0036614718425587753,0.004173681730286064
-57.91917919179191,0.0034400976162517016,0.004068910809440753
-57.75917759177591,0.0032523011736980455,0.003966139127943138
-57.59917599175991,0.0030891120948700963,0.003865348462356991
-57.43917439174392,0.002943942301662104,0.0037665201178896245
-57.279172791727916,0.002812116563974271,0.0036696349521089296
-57.119171191711914,0.002690407578556998,0.003574673398407406
-56.95916959169591,0.0025766296841275055,0.0034816154891972265
-56.79916799167991,0.0024693140651337485,0.0033904408788216663
-56.639166391663906,0.002367466817235189,0.0033011288661685574
-56.47916479164792,0.002270399179992028,0.003213658416972215
-56.319163191631915,0.002177614471900891,0.003128008185791039
-56.15916159161591,0.0020887361912434147,0.003044156537648659
-55.99915999159991,0.002003464096428073,0.0029620815693271033
-55.83915839158391,0.0019215482322672722,0.002881761130301253
-55.679156791567905,0.0018427738753915134,0.0028031728433045144
-55.51915519155192,0.0017669528067414157,0.0027262941245162924
-55.359153591535915,0.0016939180893478021,0.0026511022033624387
-55.19915199151991,0.0016235207145943098,0.00257757414192078
-55.03915039150391,0.001555627219889948,0.002505686853924075
-54.87914879148791,0.001490117814165249,0.002435417123353795
-54.719147191471905,0.0014268847865206878,0.002366741622618513
-54.559145591455916,0.0013658310968078023,0.00229963693031138
-54.399143991439914,0.0013068691060531383,0.0022340795485417974
-54.23914239142391,0.0012499194301437983,0.00217004591983704
-54.07914079140791,0.0011949099093511327,0.0021075124436100434
-53.919139191391906,0.0011417746882145935,0.002046455492190278
-53.759137591375904,0.0010904533995757433,0.0019868514264151796
-53.599135991359915,0.0010408904452256214,0.0019286766107801095
-53.43913439134391,0.0009930343645539216,0.0018719074281453587
-53.27913279132791,0.0009468372820267518,0.0018165202939993913
-53.11913119131191,0.0009022544242743053,0.001762491670277746
-52.959129591295905,0.0008592436979456511,0.0017097980787378073
-52.7991279912799,0.0008177653201630154,0.0016584161138899862
-52.639126391263915,0.0007777814942671121,0.0016083224554863135
-52.47912479124791,0.0007392561244903448,0.0015594938805679806
-52.31912319123191,0.0007021545641499182,0.001511907275073768
-52.15912159121591,0.0006664433928623589,0.0014655396450116767
-51.999119991199905,0.0006320902191081318,0.0014203681271965514
-51.8391183911839,0.0005990635051978548,0.0013763699995568526
-51.679116791167914,0.0005673324123011876,0.0013335226910141209
-51.51911519115191,0.0005368666636953633,0.0012918037909389586
-51.35911359113591,0.0005076364247792569,0.0012511910581878866
-51.199111991119906,0.00047961219869114424,0.0012116624297254966
-51.039110391103904,0.00045276473657735724,0.0011731960288368776
-50.8791087910879,0.0004270649616984752,0.0011357701729354458
-50.71910719107191,0.00040248390664357535,0.0010993633809716222
-50.55910559105591,0.00037899266296424067,0.0010639543804480884
-50.39910399103991,0.00035656234255021117,0.0010295221140475927
-50.239102391023906,0.0003351640500575872,0.0009960457458794794
-50.0791007910079,0.00031476886567702783,0.0009635046673513636
-49.9190991909919,0.0002953478374998585,0.0009318785026725932
-49.7590975909759,0.00027687198270981114,0.0009011471139962816
-49.59909599095991,0.0002593122968011164,0.0008712906062069009
-49.43909439094391,0.00024263977000249187,0.0008422893313605698
-49.279092790927905,0.00022682541007308651,0.0008141238927853528
-49.1190911909119,0.0002118402706314476,0.0007867751488489363
-48.9590895908959,0.000197655484182608,0.0007602242164012677
-48.7990879908799,0.00018424229902114545,0.0007344524738997592
-48.63908639086391,0.00017157211920917963,0.0007094415642248161
-48.47908479084791,0.00015961654685698316,0.0006851733971934719
-48.319083190831904,0.0001483474259693829,0.000661630151779043
-48.1590815908159,0.00013773688716234775,0.0006387942780446826
-47.9990799907999,0.0001277573926002796,0.0006166484987988529
-47.8390783907839,0.00011838178055437999,0.000595175810980694
-47.67907679076791,0.00010958330903521491,0.0005743594867833127
-47.519075190751906,0.00010133569800726586,0.0005541830745230299
-47.3590735907359,9.361316974902664e-05,0.0005346303992626245
-47.1990719907199,8.639048697823037e-05,0.0005156855631965692
-47.0390703907039,7.964298841745148e-05,0.000497332945806285
-46.879068790687896,7.3346621529891e-05,0.0004795572037933571
-46.71906719067191,6.747797220812977e-05,0.00046234327079866825
-46.559065590655905,6.201429124949286e-05,0.0004456763569153013
-46.3990639906399,5.693351750003106e-05,0.00042954194800307564
-46.2390623906239,5.2214297594606095e-05,0.00041392580481243343
-46.0790607906079,4.783600226293973e-05,0.0003988139619254117
-45.919059190591895,4.3778739210497196e-05,0.00038419272652128605
-45.75905759057591,4.002336261859221e-05,0.00037004867697442654
-45.599055990559904,3.655147934002227e-05,0.00035636866129179956
-45.4390543905439,3.334545189483509e-05,0.00034313979539746676
-45.2790527905279,3.038839839546189e-05,0.0003303494612713047
-45.1190511905119,2.7664189551531014e-05,0.00031798530494909035
-44.959049590495894,2.5157442922225545e-05,0.0003060352343909611
-44.799047990479906,2.2853514598233142e-05,0.0002944874172251582
-44.6390463904639,2.0738488506284503e-05,0.00028333027837382306
-44.4790447904479,1.879916353717465e-05,0.00027255249756752073
-44.3190431904319,1.7023038703192004e-05,0.00026214300675498427
-44.159041590415896,1.5398296533276108e-05,0.0002520909874145038
-43.99903999039989,1.3913784914189289e-05,0.00024238586777319997
-43.839038390383905,1.2558997583768354e-05,0.0002330173199403054
-43.6790367903679,1.1324053478147102e-05,0.0002239752569604337
-43.5190351903519,1.0199675128954537e-05,0.00021524982979267846
-43.3590335903359,9.177166299120622e-06,0.00020683142422122332
-43.199031990319895,8.248389037305634e-06,0.00019871065770302038
-43.03903039030389,7.4057403213191215e-06,0.0001908783761579322
-42.879028790287904,6.642128450430015e-06,0.00018332565070659182
-42.7190271902719,5.9509493353875125e-06,0.00017604377436107916
-42.5590255902559,5.326062823463078e-06,0.00016902425867337933
-42.3990239902399,4.761769184052863e-06,0.00016225883034641056
-42.239022390223894,4.2527858685156925e-06,0.00015573942781229105
-42.07902079020789,3.7942246460953605e-06,0.0001494581977823447
-41.919019190191904,3.3815692061210243e-06,0.00014340749177319944
-41.7590175901759,3.010653305303522e-06,0.0001375798626131889
-41.5990159901599,2.6776395279446695e-06,0.00013196806093311933
-41.439014390143896,2.3789987163291117e-06,0.000126565031645308
-41.279012790127894,2.1114901185437155e-06,0.00012136391041466625
-41.11901119011189,1.8721422915154552e-06,0.00011635802012544393
-40.9590095900959,1.6582347882180407e-06,0.00011154086734712052
-40.7990079900799,1.4672806497959447e-06,0.00010690613880277186
-40.6390063900639,1.2970097158098935e-06,0.00010244769784311979
-40.479004790047895,1.1453527589260849e-06,9.815958092931245e-05
-40.31900319003189,1.0104264441526054e-06,9.403599412736562e-05
-40.15900159001589,8.905191071597452e-07,9.007130961705043e-05
-39.9989999899999,7.840773412914333e-07,8.626006221788266e-05
-39.8389983899839,6.896933785610257e-07,8.259694593473922e-05
-39.6789967899679,6.060932462004922e-07,7.907681052550378e-05
-39.518995189951895,5.321256771670266e-07,7.569465809300846e-05
-39.35899358993589,4.667517503740138e-07,7.244563970342642e-05
-39.19899198991989,4.09035234267847e-07,6.932505203314238e-05
-39.03899038990389,3.5813360568318744e-07,6.632833404601525e-05
-38.8789887898879,3.132897146394318e-07,6.345106370282901e-05
-38.718987189871896,2.738240648533786e-07,6.068895470461477e-05
-38.558985589855894,2.391276792005207e-07,5.8037853271424485e-05
-38.39898398983989,2.0865551912371913e-07,5.549373495801839e-05
-38.23898238982389,1.8192042702840614e-07,5.305270150783522e-05
-38.078980789807886,1.5848756098394317e-07,5.071097774650597e-05
-37.9189791897919,1.3796929153940006e-07,4.846490851607799e-05
-37.758977589775895,1.200205311284031e-07,4.631095565101648e-05
-37.59897598975989,1.0433446735362786e-07,4.4245694996963985e-05
-37.43897438974389,9.063867238036717e-08,4.2265813473140746e-05
-37.27897278972789,7.869156170647554e-08,4.036810617918932e-05
-37.118971189711885,6.827917669042193e-08,3.8549473547178636e-05
-36.9589695896959,5.921226639026305e-08,3.68069185394035e-05
-36.798967989679895,5.132364547600614e-08,3.513754389253443e-05
-36.63896638966389,4.4465806210029264e-08,3.353854940860273e-05
-36.47896478964789,3.8508763730775126e-08,3.200722929322609e-05
-36.31896318963189,3.333811511161744e-08,3.054096954141605e-05
-36.158961589615885,2.8853293888870152e-08,2.913724537123756e-05
-35.998959989599896,2.4966002951448668e-08,2.7793618705529202e-05
-35.838958389583894,2.1598809852105145e-08,2.650773570182852e-05
-35.67895678956789,1.868388973029171e-08,2.5277324330590425e-05
-35.51895518955189,1.616190212460501e-08,2.4100192001727034e-05
-35.358953589535886,1.3980988994639275e-08,2.297422323944597e-05
-35.198951989519884,1.2095882265092004e-08,2.1897377405312033e-05
-35.038950389503896,1.0467110147236029e-08,2.0867686469407613e-05
-34.87894878948789,9.060292383251717e-09,1.9883252829420752e-05
-34.71894718947189,7.845515396985874e-09,1.894224717744751e-05
-34.55894558945589,6.79677912059678e-09,1.804290641425024e-05
-34.398943989439886,5.891508000942548e-09,1.718353161067732e-05
-34.23894238942388,5.110119373524096e-09,1.6362486015909765e-05
-34.078940789407895,4.435643026743388e-09,1.5578193112167464e-05
-33.91893918939189,3.85338636687619e-09,1.48291347154728e-05
-33.75893758937589,3.3506401364095375e-09,1.411384912204027e-05
-33.59893598935989,2.9164201373324426e-09,1.343092929983031e-05
-33.438934389343885,2.541240868800635e-09,1.2779021124779552e-05
-33.27893278932788,2.2169174075815663e-09,1.2156821661194833e-05
-33.118931189311894,1.936392242137545e-09,1.156307748577424e-05
-32.95892958929589,1.693584119429856e-09,1.0996583054697843e-05
-32.79892798927989,1.483256279816147e-09,1.0456179113211131e-05
-32.63892638926389,1.3009017420119487e-09,9.940751147105427e-06
-32.478924789247884,1.1426435591819765e-09,9.449227875483837e-06
-32.31892318923188,1.0051482009245193e-09,8.980579784186724e-06
-32.15892158921589,8.855504262373652e-10,8.533817699236443e-06
-31.99891998919989,7.813882014320231e-10,8.107991399649831e-06
-31.83891838918389,6.905463862226183e-10,7.702188268957292e-06
-31.678916789167886,6.112080625769512e-10,7.3155319847557716e-06
-31.518915189151883,5.418125159975444e-10,6.947181245618231e-06
-31.35891358913588,4.810189992079997e-10,6.596328534672918e-06
-31.198911989119892,4.2767551515953217e-10,6.2621989191619205e-06
-31.03891038910389,3.8079195114491365e-10,5.944048885283778e-06
-30.878908789087887,3.395169798135963e-10,5.641165207621426e-06
-30.718907189071885,3.0311821712673837e-10,5.3528638524546845e-06
-30.558905589055883,2.7096519278793695e-10,5.078488914255892e-06
-30.39890398903988,2.425147463595623e-10,4.81741158466588e-06
-30.23890238902389,2.1729851296927663e-10,4.5690291532491115e-06
-30.07890078900789,1.9491220699245106e-10,4.332764039327858e-06
-29.918899188991887,1.750064510572814e-10,4.1080628541973085e-06
-29.758897588975884,1.5727893178694012e-10,3.8943954930270026e-06
-29.59889598895988,1.4146769343145928e-10,3.6912542557571055e-06
-29.43889438894388,1.2734540645788056e-10,3.4981529963028765e-06
-29.278892788927877,1.1471447071504732e-10,3.314626299385541e-06
-29.11889118891189,1.0340283237503003e-10,3.1402286843131035e-06
-28.958889588895886,9.326041083883623e-11,2.974533835040991e-06
-28.798887988879883,8.415604650174481e-11,2.817133855849227e-06
-28.63888638886388,7.597489298922112e-11,2.6676385519793224e-06
-28.47888478884788,6.861618845123266e-11,2.5256747345823943e-06
-28.318883188831876,6.19913499644259e-11,2.3908855493372396e-06
-28.158881588815888,5.6022343235513506e-11,2.2629298281059818e-06
-27.998879988799885,5.064028679881348e-11,2.14148146300326e-06
-27.838878388783883,4.578425590865181e-11,2.0262288022639086e-06
-27.67887678876788,4.140025647682576e-11,1.916874067303568e-06
-27.518875188751878,3.744034381336754e-11,1.8131327903757895e-06
-27.358873588735875,3.386186469733148e-11,1.714733272239343e-06
-27.198871988719887,3.062680452214594e-11,1.6214160592591338e-06
-27.038870388703884,2.7701224004367786e-11,1.5329334393742336e-06
-26.878868788687882,2.505477228253889e-11,1.4490489563769567e-06
-26.71886718867188,2.2660265222272365e-11,1.3695369419572366e-06
-26.558865588655877,2.049331943492941e-11,1.2941820649769589e-06
-26.398863988639874,1.8532033953610226e-11,1.2227788974496735e-06
-26.238862388623886,1.6756712729003823e-11,1.1551314967117832e-06
-26.078860788607884,1.5149622141062114e-11,1.0910530032817273e-06
-25.91885918859188,1.369477859805394e-11,1.0303652539149334e-06
-25.75885758857588,1.2377762035963796e-11,9.728984093725468e-07
-25.598855988559876,1.118555175868677e-11,9.184905964330679e-07
-25.438854388543874,1.010638159031191e-11,8.669875636867249e-07
-25.278852788527885,9.129611759766231e-12,8.182423506629398e-07
-25.118851188511883,8.24561531776934e-12,7.721149698521602e-07
-24.95884958849588,7.445677207141985e-12,7.284721011938721e-07
-24.798847988479878,6.721904379092623e-12,6.871867986130489e-07
-24.638846388463875,6.0671455779039936e-12,6.481382081980036e-07
-24.478844788447873,5.474919610979109e-12,6.112112976227876e-07
-24.318843188431885,4.939351086015957e-12,5.76296596427696e-07
-24.158841588415882,4.45511273683422e-12,5.432899467816323e-07
-23.99883998839988,4.017373578024034e-12,5.120922643600794e-07
-23.838838388383877,3.621752229442274e-12,4.826093089824747e-07
-23.678836788367875,3.264274837461643e-12,4.547514646625334e-07
-23.518835188351872,2.941337093128468e-12,4.284335287348143e-07
-23.358833588335884,2.649669909995138e-12,4.0357450973035236e-07
-23.19883198831988,2.3863083780298075e-12,3.8009743368356483e-07
-23.03883038830388,2.1485636560653466e-12,3.579291585619363e-07
-22.878828788287876,1.9339975049088628e-12,3.3700019651905325e-07
-22.718827188271874,1.7403991974788543e-12,3.1724454368051073e-07
-22.55882558825587,1.5657645719933114e-12,2.9859951718099864e-07
-22.398823988239883,1.408277019996857e-12,2.810055991795047e-07
-22.23882238822388,1.2662902234671662e-12,2.644062875879641e-07
-22.078820788207878,1.13831247487225e-12,2.48747953257064e-07
-21.918819188191875,1.0229924312691034e-12,2.3397970337090876e-07
-21.758817588175873,9.191061686877186e-13,2.2005325081028058e-07
-21.59881598815987,8.255454164227753e-13,2.069227892519626e-07
-21.438814388143882,7.413068627022896e-13,1.9454487377916813e-07
-21.27881278812788,6.654824337270877e-13,1.8287830678556763e-07
-21.118811188111877,5.972504574499104e-13,1.718840289626583e-07
-20.958809588095875,5.358676318378699e-13,1.615250151672453e-07
-20.798807988079872,4.806617248627741e-13,1.5176617497277476e-07
-20.63880638806387,4.310249401971007e-13,1.4257425771493246e-07
-20.47880478804788,3.864078886519296e-13,1.3391776184850832e-07
-20.31880318803188,3.463141108550503e-13,1.2576684843891614e-07
-20.158801588015876,3.1029510160066915e-13,1.1809325861796818e-07
-19.998799987999874,2.779457907650978e-13,1.1087023483956859e-07
-19.83879838798387,2.4890043972657127e-13,1.0407244577687427e-07
-19.67879678796787,2.2282891589551424e-13,9.767591470820057e-08
-19.518795187951866,1.9943331129336973e-13,9.16579512445194e-08
-19.358793587935878,1.784448741469045e-13,8.599708625679344e-08
-19.198791987919876,1.5962122522090764e-13,8.067300986664605e-08
-19.038790387903873,1.4274383312151623e-13,7.566651236897119e-08
-18.87878878788787,1.276157250885833e-13,7.095942796000956e-08
-18.718787187871868,1.1405941187945105e-13,6.653458114923056e-08
-18.558785587855866,1.019150072466277e-13,6.237573573800226e-08
-18.398783987839877,9.103852424517486e-14,5.8467546252526414e-08
-18.238782387823875,8.130033218683102e-14,5.479551172288533e-08
-18.078780787807872,7.258375950080702e-14,5.134593170427476e-08
-17.91877918779187,6.478382907780721e-14,4.8105864440564154e-08
-17.758777587775867,5.780611387537212e-14,4.5063087074306577e-08
-17.598775987759865,5.1565701659101994e-14,4.2206057811120195e-08
-17.438774387743877,4.59862587547751e-14,3.952387995007467e-08
-17.278772787727874,4.0999183599220243e-14,3.7006267695283285e-08
-17.11877118771187,3.6542841710551214e-14,3.464351366734892e-08
-16.95876958769587,3.2561874457885836e-14,3.2426458036650086e-08
-16.798767987679867,2.900657470336147e-14,3.034645920366266e-08
-16.638766387663864,2.5832323020763987e-14,2.8395365954622924e-08
-16.478764787647876,2.2999078770734108e-14,2.656549102382745e-08
-16.318763187631873,2.0470920837110622e-14,2.484958599675013e-08
-16.15876158761587,1.8215633306890515e-14,2.324081749094698e-08
-15.998759987599868,1.6204331811583854e-14,2.1732744554388683e-08
-15.838758387583866,1.4411126644106972e-14,2.0319297223454647e-08
-15.678756787567863,1.2812819126141659e-14,1.8994756185303473e-08
-15.518755187551875,1.1388628029215344e-14,1.775373349172893e-08
-15.358753587535872,1.0119943151428082e-14,1.6591154273915135e-08
-15.19875198751987,8.99010342338233e-15,1.5502239409723563e-08
-15.038750387503868,7.98419716380665e-15,1.448248909726864e-08
-14.878748787487865,7.088882329797267e-15,1.3527667290594988e-08
-14.718747187471863,6.2922248105036295e-15,1.263378695523471e-08
-14.558745587455874,5.5835529982720365e-15,1.179709610331411e-08
-14.398743987439872,4.953327039405036e-15,1.1014064569698435e-08
-14.23874238742387,4.3930213193011634e-15,1.0281371492407212e-08
-14.078740787407867,3.89501887520416e-15,9.59589346220474e-09
-13.918739187391864,3.4525165553817812e-15,8.954693307880963e-09
-13.758737587375862,3.0594398574244325e-15,8.355009485275638e-09
-13.598735987359873,2.7103664815684367e-15,7.794246039578606e-09
-13.438734387343871,2.400457728468199e-15,7.26996311185567e-09
-13.278732787327868,2.1253969555496735e-15,6.7798679621067414e-09
-13.118731187311866,1.8813343827775293e-15,6.3218064824647155e-09
-12.958729587295863,1.6648376080949006e-15,5.8937551753891345e-09
-12.798727987279861,1.4728472556134657e-15,5.493813572902343e-09
-12.638726387263873,1.302637236454896e-15,5.120197074058137e-09
-12.47872478724787,1.1517791535248578e-15,4.771230178924964e-09
-12.318723187231868,1.0181104279451428e-15,4.445340098413467e-09
-12.158721587215865,8.997057668362055e-16,4.14105072027595e-09
-11.998719987199877,7.948516300514802e-16,3.856976912563639e-09
-11.83871838718386,7.020233876965086e-16,3.5918191467409153e-09
-11.678716787167872,6.1986489116597e-16,3.3443584235293694e-09
-11.518715187151855,5.471702083152017e-16,3.1134514853885806e-09
-11.358713587135867,4.828672985364178e-16,2.8980263003394123e-09
-11.198711987119879,4.2600342619113766e-16,2.697077802593807e-09
-11.038710387103862,3.7573213129795525e-16,2.509663876184435e-09
-10.878708787087874,3.3130159480013917e-16,2.334901568479209e-09
-10.718707187071857,2.920442523364082e-16,2.1719635211268135e-09
-10.558705587055869,2.57367525386411e-16,2.020074606611997e-09
-10.398703987039852,2.267455521186045e-16,1.8785087591987174e-09
-10.238702387023864,1.9971181237889448e-16,1.7465859896144656e-09
-10.078700787007875,1.7585255215241817e-16,1.6236695733741518e-09
-9.918699186991859,1.548009226291435e-16,1.5091634031637967e-09
-9.75869758697587,1.3623175781213123e-16,1.4025094961992122e-09
-9.598695986959854,1.1985692252368308e-16,1.3031856479474737e-09
-9.438694386943865,1.054211697770188e-16,1.2107032240488926e-09
-9.278692786927849,9.269845286844709e-17,1.1246050827043077e-09
-9.11869118691186,8.148864328019827e-17,1.0444636202005654e-09
-8.958689586895872,7.161461063106723e-17,9.698789326333549e-10
-8.798687986879855,6.29196255303244e-17,9.00477087255882e-10
-8.638686386863867,5.526505033238527e-17,8.359084972312804e-10
-8.47868478684785,4.8528286503643473e-17,7.758463938998029e-10
-8.318683186831862,4.26009506417756e-17,7.199853909884047e-10
-8.158681586815874,3.738725417047159e-17,6.680401354902605e-10
-7.998679986799857,3.280256440433203e-17,6.19744040227853e-10
-7.838678386783869,2.877212707094076e-17,5.748480933837768e-10
-7.678676786767852,2.5229932518583765e-17,5.331197405409046e-10
-7.518675186751864,2.2117709754337407e-17,4.943418350179899e-10
-7.358673586735847,1.9384034171370448e-17,4.583116525179789e-10
-7.198671986719859,1.6983536357205327e-17,4.2483996632670273e-10
-7.0386703867038705,1.4876200744959312e-17,3.937501795075834e-10
-6.878668786687854,1.302674409419171e-17,3.648775107360242e-10
-6.7186671866718655,1.1404064881952784e-17,3.3806823060431316e-10
-6.558665586655849,9.980755661638533e-18,3.1317894540542986e-10
-6.3986639866398605,8.732671319506908e-18,2.900759255725788e-10
-6.238662386623872,7.638546937146071e-18,2.686344761103427e-10
-6.0786607866078555,6.679659662736306e-18,2.487383465045444e-10
-5.918659186591867,5.8395296133739844e-18,2.30279177740609e-10
-5.7586575865758505,5.1036553830306565e-18,2.1315598419549124e-10
-5.598655986559862,4.459280222989906e-18,1.9727466829631542e-10
-5.4386543865438455,3.895185400218825e-18,1.8254756595981532e-10
-5.278652786527857,3.401507629826582e-18,1.6889302094135804e-10
-5.118651186511869,2.9695778256434058e-18,1.56234986330465e-10
-4.958649586495852,2.5917787226258786e-18,1.445026515323214e-10
-4.798647986479864,2.2614192003525297e-18,1.336300931714101e-10
-4.638646386463847,1.9726233820037565e-18,1.235559484449282e-10
-4.478644786447859,1.7202328012104796e-18,1.1422310954008805e-10
-4.318643186431871,1.49972012294264e-18,1.0557843781091864e-10
-4.158641586415854,1.3071130768319389e-18,9.757249648737051e-11
-3.9986399863998656,1.1389274143248268e-18,9.015930076221626e-11
-3.838638386383849,9.921078369478405e-19,8.32960841699301e-11
-3.6786367863678606,8.63975963612936e-19,7.694308023658453e-11
-3.518635186351844,7.521845119670781e-19,7.106331844087867e-11
-3.3586335863358556,6.546769637986615e-19,6.562243358415883e-11
-3.1986319863198673,5.69652068780332e-19,6.058848772161916e-11
-3.0386303863038506,4.95532615549345e-19,5.593180385819398e-11
-2.8786287862878623,4.3093796535837483e-19,5.1624810660959944e-11
-2.7186271862718456,3.7465990221970144e-19,4.764189748541206e-11
-2.5586255862558573,3.2564140545561614e-19,4.395927905591749e-11
-2.398623986239869,2.829579966067681e-19,4.055486918103363e-11
-2.2386223862238523,2.4580135340769636e-19,3.7408162922481314e-11
-2.078620786207864,2.1346491960782386e-19,3.450012667237745e-11
-1.9186191861918473,1.8533127132657887e-19,3.18130956270735e-11
-1.758617586175859,1.6086102885354472e-19,2.933067817771136e-11
-1.5986159861598424,1.3958312775620883e-19,2.7037666767453353e-11
-1.438614386143854,1.2108628521186095e-19,2.4919954793473974e-11
-1.2786127861278658,1.0501151696592327e-19,2.296445915819782e-11
-1.118611186111849,9.104557753077086e-20,2.1159048099145168e-11
-0.9586095860958608,7.89152114368051e-20,1.949247395008675e-11
-0.7986079860798441,6.838211676304905e-20,1.7954310508167255e-11
-0.6386063860638558,5.923853401286789e-20,1.6534894702296097e-11
-0.4786047860478675,5.130338384355533e-20,1.5225272277465726e-11
-0.3186031860318508,4.4418886368299144e-20,1.4017147227875964e-11
-0.1586015860158625,3.844760286811024e-20,1.2902834728824461e-11
0.001400014000154215,3.3269847906911524e-20,1.1875217333369434e-11
0.1614016140161425,2.878142614729913e-20,1.0927704214839555e-11
0.3214032140321592,2.4891653716988178e-20,1.0054193250387042e-11
0.4814048140481475,2.1521628864907748e-20,9.249035754051236e-12
0.6414064140641358,1.8602720949036844e-20,8.507003680227561e-12
0.8014080140801525,1.6075250584583495e-20,7.823259130108597e-12
0.9614096140961408,1.38873371117844e-20,7.1933260045949775e-12
1.1214112141121575,1.1993892471523338e-20,6.613063657425112e-12
1.2814128141281458,1.0355743151729824e-20,6.078642411884468e-12
1.4414144141441625,8.938864130201299e-21,5.586520813450681e-12
1.6014160141601508,7.71371072736991e-21,5.133424499170314e-12
1.761417614176139,6.654636028351647e-21,4.716326572454576e-12
1.9214192141921558,5.73938306642349e-21,4.332429379383532e-12
2.081420814208144,4.9486423054026304e-21,3.979147589526922e-12
2.2414224142241608,4.265666138823696e-21,3.654092490772843e-12
2.401424014240149,3.675933159219853e-21,3.35505741372048e-12
2.5614256142561374,3.1668558587168743e-21,3.0800042068643044e-12
2.721427214272154,2.7275262180277273e-21,2.8270506891078922e-12
2.8814288142881423,2.348494338366622e-21,2.5944590111060283e-12
3.041430414304159,2.021575881785432e-21,2.380624861575494e-12
3.2014320143201473,1.7396846205186793e-21,2.184067459054435e-12
3.361433614336164,1.4966868643779832e-21,2.003420273641787e-12
3.5214352143521523,1.2872749452455876e-21,1.837422427039997e-12
3.6814368143681406,1.1068572964444434e-21,1.6849107227609386e-12
3.8414384143841573,9.514629785374744e-22,1.5448122616624847e-12
4.001440014400146,8.176587774679288e-22,1.416137601069444e-12
4.161441614416162,7.024772407796149e-22,1.2979744186145347e-12
4.321443214432151,6.03354227228546e-22,1.189481644626139e-12
4.481444814448139,5.180747281740382e-22,1.0898840293993236e-12
4.641446414464156,4.447258790213882e-22,9.98467114030057e-13
4.801448014480144,3.8165621857032743e-22,9.145725756773067e-13
4.961449614496161,3.274403759462213e-22,8.375939201558554e-13
5.121451214512149,2.808484710801452e-22,7.669724966636703e-13
5.281452814528166,2.408196074102361e-22,7.021938112187802e-13
5.441454414544154,2.0643891631290679e-22,6.427841170327514e-13
5.601456014560142,1.7691768323395792e-22,5.883072615861695e-13
5.761457614576159,1.515761468911221e-22,5.383617716061129e-13
5.921459214592147,1.2982861640766714e-22,4.925781584807073e-13
6.081460814608164,1.1117059781776077e-22,4.5061642789003523e-13
6.241462414624152,9.51676619374465e-23,4.1216377859113353e-13
6.4014640146401405,8.144582088907491e-23,3.7693247637260576e-13
6.561465614656157,6.968321127497092e-23,3.446578901985543e-13
6.7214672146721455,5.96029087050715e-23,3.1509667849503897e-13
6.881468814688162,5.096672160715497e-23,2.8802511440132224e-13
7.0414704147041505,4.3569832435522596e-23,2.6323753961650153e-13
7.201472014720167,3.7236171936051764e-23,2.405449372235182e-13
7.3614736147361555,3.181442736458991e-23,2.1977361457171335e-13
7.521475214752144,2.717459878964735e-23,2.007639879485804e-13
7.6814768147681605,2.3205029099839852e-23,1.8336946137533572e-13
7.841478414784149,1.9809843308127816e-23,1.6745539242204765e-13
8.001480014800165,1.690674139665761e-23,1.5289813845929613e-13
8.161481614816154,1.4425096450249185e-23,1.395841772477104e-13
8.321483214832142,1.2304316333401149e-23,1.2740929621629285e-13
8.481484814848159,1.049243280609589e-23,1.162778451981015e-13
8.641486414864147,8.944886861380148e-24,1.0610204777939927e-13
8.801488014880164,7.623483301920772e-24,9.680136677814816e-14
8.961489614896152,6.495491239701526e-24,8.830191970159906e-14
9.121491214912169,5.532870377719395e-24,8.053594034236046e-14
9.281492814928157,4.711605680263097e-24,7.344128295970207e-14
9.441494414944145,4.011135415734578e-24,6.69609657591598e-14
9.601496014960162,3.4138596123512866e-24,6.104275063063908e-14
9.76149761497615,2.904717745192769e-24,5.5638756334122585e-14
9.921499214992167,2.4708260101381415e-24,5.0705102534358295e-14
10.081500815008155,2.1011658685364658e-24,4.620158228259928e-14
10.241502415024172,1.7863166939665146e-24,4.209136072561032e-14
10.40150401504016,1.518226343487112e-24,3.834069799100494e-14
10.561505615056149,1.2900143314128769e-24,3.4918694354213806e-14
10.721507215072165,1.0958030221618743e-24,3.1797055937153926e-14
10.881508815088154,9.305728959386633e-25,2.8949879322622075e-14
11.04151041510417,7.900384906682247e-25,2.6353453592429427e-14
11.201512015120159,6.705420975718594e-25,2.3986078412062213e-14
11.361513615136147,5.68962696365354e-25,2.1827896890789225e-14
11.521515215152164,4.826379681804088e-25,1.9860742044354518e-14
11.681516815168152,4.092975276697302e-25,1.8067995778201517e-14
11.841518415184169,3.4700577702891765e-25,1.6434459393146138e-14
12.001520015200157,2.9411300962467236e-25,1.4946234693056132e-14
12.161521615216174,2.4921358454611527e-25,1.3590614845831178e-14
12.321523215232162,2.1111016000845545e-25,1.2355984215299628e-14
12.48152481524815,1.7878311685942327e-25,1.1231726442891808e-14
12.641526415264167,1.5136442668877615e-25,1.020814011455466e-14
12.801528015280155,1.2811532499687495e-25,9.276361400624624e-15
12.961529615296172,1.0840724093997503e-25,8.428293104637999e-15
13.12153121531216,9.17055134066233e-26,7.656539601614942e-15
13.281532815328148,7.755549037720693e-26,6.954347187466472e-15
13.441534415344165,6.557066621774285e-26,6.315549399134469e-15
13.601536015360153,5.542256108638114e-26,5.734516900081696e-15
13.76153761537617,4.6832089131754495e-26,5.206111558052058e-15
13.921539215392158,3.956219862183871e-26,4.725644371815224e-15
14.081540815408175,3.341159840951902e-26,4.288836931074841e-15
14.241542415424163,2.820941194806733e-26,3.891786119053535e-15
14.401544015440152,2.3810623045251904e-26,3.5309317906069303e-15
14.561545615456168,2.0092197230791493e-26,3.20302718023958e-15
14.721547215472157,1.6949779473924275e-26,2.9051118142170848e-15
14.881548815488173,1.4294883426886568e-26,2.634486719231749e-15
15.041550415504162,1.2052499730455377e-26,2.388691736902755e-15
15.20155201552015,1.0159061495392062e-26,2.165484768879638e-15
15.361553615536167,8.560714123121808e-27,1.962822791582049e-15
15.521555215552155,7.211844368597061e-27,1.778844492736999e-15
15.681556815568172,6.073830165722816e-27,1.611854393957415e-15
15.84155841558416,5.113978391913845e-27,1.460308334725961e-15
16.001560015600177,4.304622581474001e-27,1.3228002033756e-15
16.161561615616165,3.62235672608891e-27,1.1980498100692652e-15
16.321563215632153,3.04738482639794e-27,1.084891805432312e-15
16.48156481564817,2.562968868532294e-27,9.822655564494839e-16
16.64156641566416,2.154960468320691e-27,8.892058985511077e-16
16.801568015680175,1.8114036175682654e-27,8.048346895364376e-16
16.961569615696163,1.5221978362017625e-27,7.283530971602089e-16
17.12157121571215,1.2788126280588802e-27,6.590345578837256e-16
17.28157281572817,1.0740454968538754e-27,5.962183495067451e-16
17.441574415744157,9.018169367322798e-28,5.39303725184402e-16
17.601576015760173,7.569967982369932e-28,4.877445607309441e-16
17.76157761577616,6.352572705879759e-28,4.410444711492451e-16
17.92157921579218,5.329484364149329e-28,3.9875235603013583e-16
18.081580815808167,4.469929638520595e-28,3.6045833686693355e-16
18.241582415824155,3.7479701889332035e-28,3.257900524503227e-16
18.40158401584017,3.141749215246193e-28,2.944092813718549e-16
18.56158561585616,2.6328544383617434e-28,2.660088632894534e-16
18.721587215872177,2.205779668468187e-28,2.4030989301635026e-16
18.881588815888165,1.847469834760526e-28,2.1705916370242483e-16
19.041590415904153,1.5469366509078996e-28,1.960268374003882e-16
19.20159201592017,1.2949340439714156e-28,1.7700432316433187e-16
19.361593615936158,1.083684133118751e-28,1.5980234452742935e-16
19.521595215952175,9.066459524062391e-29,1.4424917976281807e-16
19.681596815968163,7.583203066419543e-29,1.3018905975808934e-16
19.84159841598418,6.34085162876126e-29,1.174807096398803e-16
